{
  "next-env.d.ts": 1775572041.277857,
  "next.config.ts": 1772483285.7807536,
  "src\\middleware.ts": 1775570910.993826,
  "src\\app\\layout.tsx": 1773172379.439509,
  "src\\app\\page.tsx": 1775931742.8526735,
  "src\\app\\(dashboard)\\layout.tsx": 1773074738.73026,
  "src\\app\\(dashboard)\\loading.tsx": 1772824221.03554,
  "src\\app\\(dashboard)\\analyse\\page.tsx": 1774388338.2219892,
  "src\\app\\(dashboard)\\bank\\page.tsx": 1775930027.6465898,
  "src\\app\\(dashboard)\\crypto\\actions.ts": 1775832716.9618983,
  "src\\app\\(dashboard)\\crypto\\page.tsx": 1775832071.4033866,
  "src\\app\\(dashboard)\\crypto\\assets\\actions.ts": 1772745283.582902,
  "src\\app\\(dashboard)\\crypto\\assets\\page.tsx": 1772830201.9229372,
  "src\\app\\(dashboard)\\crypto\\rebalancing\\page.tsx": 1772830201.9234657,
  "src\\app\\(dashboard)\\dashboard\\page.tsx": 1774386094.774826,
  "src\\app\\(dashboard)\\depot\\page.tsx": 1775572185.640894,
  "src\\app\\(dashboard)\\finance\\layout.tsx": 1772604127.625623,
  "src\\app\\(dashboard)\\finance\\page.tsx": 1772567684.916851,
  "src\\app\\(dashboard)\\finance\\accounts\\actions.ts": 1772745748.3871784,
  "src\\app\\(dashboard)\\finance\\accounts\\page.tsx": 1773078803.8987408,
  "src\\app\\(dashboard)\\finance\\accounts\\[id]\\page.tsx": 1773164729.1399064,
  "src\\app\\(dashboard)\\finance\\categories\\actions.ts": 1772567684.9124823,
  "src\\app\\(dashboard)\\finance\\categories\\page.tsx": 1773074738.7249339,
  "src\\app\\(dashboard)\\finance\\contracts\\actions.ts": 1772745970.1362329,
  "src\\app\\(dashboard)\\finance\\contracts\\page.tsx": 1773082613.6038969,
  "src\\app\\(dashboard)\\finance\\contracts\\[id]\\page.tsx": 1773074738.7259338,
  "src\\app\\(dashboard)\\finance\\debts\\actions.ts": 1774296326.5572197,
  "src\\app\\(dashboard)\\finance\\debts\\page.tsx": 1773074738.7272553,
  "src\\app\\(dashboard)\\finance\\goals\\actions.ts": 1772991922.3423004,
  "src\\app\\(dashboard)\\finance\\goals\\page.tsx": 1773074738.7282584,
  "src\\app\\(dashboard)\\finance\\transactions\\actions.ts": 1773163687.191538,
  "src\\app\\(dashboard)\\finance\\transactions\\page.tsx": 1773164715.0265367,
  "src\\app\\(dashboard)\\history\\page.tsx": 1773074738.7292602,
  "src\\app\\(dashboard)\\settings\\actions.ts": 1775571991.1533408,
  "src\\app\\(dashboard)\\settings\\page.tsx": 1773074738.7322612,
  "src\\app\\(dashboard)\\strategy\\layout.tsx": 1772604143.6687896,
  "src\\app\\(dashboard)\\strategy\\page.tsx": 1772567684.921851,
  "src\\app\\(dashboard)\\strategy\\combos\\actions.ts": 1772568668.520397,
  "src\\app\\(dashboard)\\strategy\\combos\\page.tsx": 1772830201.9319544,
  "src\\app\\(dashboard)\\strategy\\indicators\\actions.ts": 1772830201.9334602,
  "src\\app\\(dashboard)\\strategy\\indicators\\page.tsx": 1773264234.3867779,
  "src\\app\\(dashboard)\\strategy\\strategies\\actions.ts": 1772569541.293565,
  "src\\app\\(dashboard)\\strategy\\strategies\\page.tsx": 1773264234.3877785,
  "src\\app\\(dashboard)\\strategy\\strategies\\[id]\\page.tsx": 1773074738.733265,
  "src\\app\\(dashboard)\\strategy\\tests\\page.tsx": 1773264234.3877785,
  "src\\app\\(dashboard)\\tpi\\page.tsx": 1772830201.9371438,
  "src\\app\\actions\\depot.ts": 1773078772.2995431,
  "src\\app\\api\\bank\\balance\\route.ts": 1775929912.4884133,
  "src\\app\\api\\bank\\submit-tan\\route.ts": 1775929893.865543,
  "src\\app\\api\\bank\\sync\\route.ts": 1775930059.4023855,
  "src\\app\\api\\bank\\transactions\\route.ts": 1775929900.7418325,
  "src\\app\\api\\cron\\book-contracts\\route.ts": 1772993322.5671096,
  "src\\app\\api\\cron\\daily-snapshot\\route.ts": 1774296326.5581813,
  "src\\app\\api\\cron\\execute-savings-plans\\route.ts": 1773081901.882991,
  "src\\app\\api\\depot\\live-price\\route.ts": 1773076974.283909,
  "src\\app\\api\\exchange-keys\\route.ts": 1775571614.7161188,
  "src\\app\\api\\export\\indicators\\route.ts": 1773164586.6805437,
  "src\\app\\api\\export\\transactions\\route.ts": 1773164574.1491547,
  "src\\app\\api\\import\\indicators\\route.ts": 1773173303.92308,
  "src\\app\\api\\import\\transactions\\route.ts": 1773164602.0114076,
  "src\\app\\api\\kraken\\portfolio\\route.ts": 1775573734.1200767,
  "src\\app\\auth\\callback\\route.ts": 1772825865.7139497,
  "src\\app\\login\\actions.ts": 1772825883.4990685,
  "src\\app\\login\\page.tsx": 1775931544.9718876,
  "src\\components\\analyse\\AnalysePeriodSelector.tsx": 1774388276.043003,
  "src\\components\\analyse\\AusgabenHeatmap.tsx": 1775570720.3877554,
  "src\\components\\analyse\\CashflowKalender.tsx": 1774387611.7305813,
  "src\\components\\analyse\\GeldflussChart.tsx": 1774388295.685876,
  "src\\components\\analyse\\KategorienChart.tsx": 1774387216.384596,
  "src\\components\\analyse\\MonatsVergleich.tsx": 1774386739.6475687,
  "src\\components\\bank\\bank-sync-button.tsx": 1775929955.9750502,
  "src\\components\\bank\\bank-transactions-view.tsx": 1775929984.118551,
  "src\\components\\crypto\\asset-form.tsx": 1775831686.468074,
  "src\\components\\crypto\\asset-table.tsx": 1775832034.4095118,
  "src\\components\\crypto\\coin-catalog-manager.tsx": 1775571968.63721,
  "src\\components\\crypto\\coin-combobox.tsx": 1772745308.2662327,
  "src\\components\\crypto\\kraken-sync-section.tsx": 1775573804.2321827,
  "src\\components\\crypto\\portfolio-chart.tsx": 1773074738.7380507,
  "src\\components\\crypto\\portfolio-donut.tsx": 1773641077.0019143,
  "src\\components\\crypto\\portfolio-overview.tsx": 1775832501.8058527,
  "src\\components\\crypto\\portfolio-switcher.tsx": 1775831979.625234,
  "src\\components\\crypto\\rebalancing-calculator.tsx": 1773266283.918098,
  "src\\components\\crypto\\refresh-button.tsx": 1772567684.9264038,
  "src\\components\\crypto\\strategy-signals.tsx": 1773074738.7410514,
  "src\\components\\dashboard\\crypto-widget.tsx": 1773074738.7410514,
  "src\\components\\dashboard\\finance-analytics.tsx": 1774387916.5095751,
  "src\\components\\dashboard\\net-worth-chart.tsx": 1773162404.066949,
  "src\\components\\dashboard\\portfolio-donut.tsx": 1774386094.7758229,
  "src\\components\\dashboard\\rebalancing-alert.tsx": 1773074738.7430513,
  "src\\components\\depot\\DepotDashboard.tsx": 1773209285.9034467,
  "src\\components\\depot\\kraken-balances.tsx": 1775571462.5944984,
  "src\\components\\finance\\account-balance-chart.tsx": 1773162982.2534432,
  "src\\components\\finance\\account-form.tsx": 1772745795.2054152,
  "src\\components\\finance\\category-form.tsx": 1772567684.927406,
  "src\\components\\finance\\contract-form.tsx": 1772746030.7630627,
  "src\\components\\finance\\debt-payment-form.tsx": 1773074738.7450514,
  "src\\components\\finance\\finance-nav.tsx": 1772567684.9284046,
  "src\\components\\finance\\fixed-costs-widget.tsx": 1773074738.7450514,
  "src\\components\\finance\\goal-form.tsx": 1772991961.5367188,
  "src\\components\\finance\\transaction-csv.tsx": 1773171601.1614237,
  "src\\components\\finance\\transaction-filters.tsx": 1772567684.9294043,
  "src\\components\\finance\\transaction-form.tsx": 1773163671.4243147,
  "src\\components\\layout\\app-shell.tsx": 1773074738.746052,
  "src\\components\\layout\\page-wrapper.tsx": 1773209202.635473,
  "src\\components\\layout\\settings-applier.tsx": 1773172435.6667478,
  "src\\components\\layout\\sidebar.tsx": 1775930003.9400802,
  "src\\components\\providers\\settings-context.tsx": 1773172939.0168922,
  "src\\components\\settings\\appearance-form.tsx": 1773264234.3887873,
  "src\\components\\settings\\finance-form.tsx": 1773264234.3897834,
  "src\\components\\settings\\integrations-form.tsx": 1775571410.3889482,
  "src\\components\\settings\\profile-form.tsx": 1773265412.50322,
  "src\\components\\settings\\settings-shell.tsx": 1775571434.344852,
  "src\\components\\settings\\trading-form.tsx": 1773264234.3917806,
  "src\\components\\strategy\\checklist-panel.tsx": 1772569608.2459273,
  "src\\components\\strategy\\combo-form.tsx": 1772568705.127641,